GROUP,PACKAGE,CLASS,INSTRUCTION_MISSED,INSTRUCTION_COVERED,BRANCH_MISSED,BRANCH_COVERED,LINE_MISSED,LINE_COVERED,COMPLEXITY_MISSED,COMPLEXITY_COVERED,METHOD_MISSED,METHOD_COVERED
employee-management,com.emp.management.controller,ResourceController,48,0,0,0,10,0,5,0,5,0
employee-management,com.emp.management.controller,AuthController,0,50,1,1,0,12,1,7,0,7
employee-management,com.emp.management.controller,TimesheetController,118,0,0,0,19,0,15,0,15,0
employee-management,com.emp.management.controller,AnnouncementController,27,0,0,0,6,0,4,0,4,0
employee-management,com.emp.management.controller,CertificateController,0,51,0,0,0,10,0,4,0,4
employee-management,com.emp.management.controller,LeaveUploadController,90,0,2,0,22,0,6,0,5,0
employee-management,com.emp.management.controller,EmployeeController,19,71,1,3,4,13,4,10,3,9
employee-management,com.emp.management.controller,ResumeController,26,0,2,0,8,0,3,0,2,0
employee-management,com.emp.management.controller,CourseController,227,0,22,0,41,0,28,0,17,0
employee-management,com.emp.management.controller,PerformanceController,47,0,2,0,7,0,7,0,6,0
employee-management,com.emp.management.controller,LeaveController,73,0,0,0,12,0,9,0,9,0
employee-management,com.emp.management.controller,DashboardController,11,0,0,0,2,0,2,0,2,0
employee-management,com.emp.management.service,CourseService.new TypeReference() {...},6,0,0,0,1,0,1,0,1,0
employee-management,com.emp.management.service,CourseService.new TypeReference() {...},6,0,0,0,1,0,1,0,1,0
employee-management,com.emp.management.service,CourseService.new TypeReference() {...},6,0,0,0,1,0,1,0,1,0
employee-management,com.emp.management.service,CourseService.new TypeReference() {...},6,0,0,0,1,0,1,0,1,0
employee-management,com.emp.management.service,EmailService,205,4,8,0,53,1,9,1,5,1
employee-management,com.emp.management.service,ResumeService,621,0,88,0,110,0,59,0,15,0
employee-management,com.emp.management.service,LeaveUploadService,601,0,53,0,115,0,34,0,7,0
employee-management,com.emp.management.service,TimesheetService,715,4,58,0,154,1,58,1,29,1
employee-management,com.emp.management.service,EmployeeService,285,803,71,59,45,200,58,30,7,16
employee-management,com.emp.management.service,CourseService,1132,0,84,0,219,0,87,0,45,0
employee-management,com.emp.management.service,DashboardService,73,0,4,0,12,0,4,0,2,0
employee-management,com.emp.management.service,LeaveService,162,438,12,24,30,111,14,22,5,13
employee-management,com.emp.management.service,AuthService,11,362,3,11,0,88,4,17,1,13
employee-management,com.emp.management.service,ResourceStorageService,180,0,2,0,39,0,10,0,9,0
employee-management,com.emp.management.service,TimesheetEntryService,241,0,22,0,46,0,21,0,10,0
employee-management,com.emp.management.service,CertificatePdfService,1,1117,0,6,0,140,0,11,0,8
employee-management,com.emp.management.service,CertificateService,0,94,0,6,0,20,0,8,0,5
employee-management,com.emp.management.service,AIQuizService,1613,0,140,0,232,0,101,0,31,0
employee-management,com.emp.management.service,PerformanceService,165,0,4,0,39,0,11,0,9,0
employee-management,com.emp.management.service,AnnouncementService,77,0,2,0,21,0,6,0,5,0
employee-management,com.emp.management,EmployeeManagementApplication,5,3,0,0,2,1,1,1,1,1
employee-management,com.emp.management.exception,GlobalExceptionHandler.ErrorResponse,0,12,0,0,0,1,0,1,0,1
employee-management,com.emp.management.exception,ResourceNotFoundException,0,10,0,0,0,4,0,2,0,2
employee-management,com.emp.management.exception,GlobalExceptionHandler,15,92,0,0,3,19,3,9,3,9
employee-management,com.emp.management.exception,BadRequestException,0,4,0,0,0,2,0,1,0,1
employee-management,com.emp.management.entity,Resource.ResourceBuilder,90,0,0,0,1,0,12,0,12,0
employee-management,com.emp.management.entity,Enrollment.EnrollmentBuilder,82,0,2,0,1,0,11,0,10,0
employee-management,com.emp.management.entity,Leave.LeaveBuilder,48,79,1,1,0,1,6,10,5,10
employee-management,com.emp.management.entity,AttendanceSession,310,0,54,0,11,0,48,0,21,0
employee-management,com.emp.management.entity,Leave,405,92,86,0,2,14,58,17,15,17
employee-management,com.emp.management.entity,Resource,396,0,70,0,13,0,60,0,25,0
employee-management,com.emp.management.entity,Timesheet,413,0,70,0,14,0,62,0,27,0
employee-management,com.emp.management.entity,User.UserBuilder,56,62,1,1,0,1,8,7,7,7
employee-management,com.emp.management.entity,TimesheetEntry,322,31,62,0,10,2,52,2,21,2
employee-management,com.emp.management.entity,AttendanceSession.AttendanceSessionBuilder,72,0,0,0,1,0,10,0,10,0
employee-management,com.emp.management.entity,Role,0,33,0,0,0,6,0,1,0,1
employee-management,com.emp.management.entity,Exam,279,0,46,0,10,0,44,0,21,0
employee-management,com.emp.management.entity,Course.CourseBuilder,67,61,1,3,0,1,10,6,9,5
employee-management,com.emp.management.entity,EmployeeDetails.EmployeeDetailsBuilder,102,251,1,3,0,1,7,34,6,33
employee-management,com.emp.management.entity,Certificate,191,43,38,0,2,8,30,8,11,8
employee-management,com.emp.management.entity,Timesheet.TimesheetBuilder,99,0,0,0,1,0,13,0,13,0
employee-management,com.emp.management.entity,Course,366,49,66,0,12,3,59,5,26,5
employee-management,com.emp.management.entity,Certificate.CertificateBuilder,14,49,0,0,0,1,1,8,1,8
employee-management,com.emp.management.entity,Announcement.AnnouncementBuilder,63,0,0,0,1,0,9,0,9,0
employee-management,com.emp.management.entity,User,419,88,90,0,4,11,59,16,14,16
employee-management,com.emp.management.entity,TimesheetEntry.TimesheetEntryBuilder,33,48,0,0,0,1,4,7,4,7
employee-management,com.emp.management.entity,PerformanceReview,406,0,70,0,14,0,62,0,27,0
employee-management,com.emp.management.entity,Enrollment,282,0,46,0,11,0,45,0,22,0
employee-management,com.emp.management.entity,EmployeeDetails,1177,352,273,1,1,40,149,70,12,70
employee-management,com.emp.management.entity,Announcement,287,0,50,0,10,0,44,0,19,0
employee-management,com.emp.management.entity,Exam.ExamBuilder,83,0,4,0,1,0,11,0,9,0
employee-management,com.emp.management.entity,LeaveStatus,0,21,0,0,0,4,0,1,0,1
employee-management,com.emp.management.entity,PerformanceReview.PerformanceReviewBuilder,99,0,0,0,1,0,13,0,13,0
employee-management,com.emp.management.entity,EnrollmentStatus,27,0,0,0,5,0,1,0,1,0
employee-management,com.emp.management.config,DataInitializer,67,0,2,0,22,0,4,0,3,0
employee-management,com.emp.management.config,AppConfig,3,0,0,0,1,0,1,0,1,0
employee-management,com.emp.management.config,SecurityConfig,200,0,0,0,30,0,9,0,9,0
employee-management,com.emp.management.security,JwtAuthFilter,81,0,8,0,19,0,8,0,4,0
employee-management,com.emp.management.security,UserDetailsServiceImpl,57,0,4,0,12,0,5,0,3,0
employee-management,com.emp.management.security,JwtTokenProvider,7,105,0,0,2,31,0,10,0,10
employee-management,com.emp.management.dto,TimesheetEntryDTO.TimesheetEntryDTOBuilder,63,0,0,0,1,0,9,0,9,0
employee-management,com.emp.management.dto,ResumeParseResponse.ResumeParseResponseBuilder,63,0,0,0,1,0,9,0,9,0
employee-management,com.emp.management.dto,TimesheetEntryDTO,300,0,54,0,10,0,46,0,19,0
employee-management,com.emp.management.dto,AttendanceSessionDTO,300,0,54,0,10,0,46,0,19,0
employee-management,com.emp.management.dto,EmployeeDTO,1388,430,332,0,0,46,170,87,4,87
employee-management,com.emp.management.dto,PerformanceReviewDTO,558,0,102,0,16,0,82,0,31,0
employee-management,com.emp.management.dto,TimesheetDTO,459,0,82,0,14,0,68,0,27,0
employee-management,com.emp.management.dto,LeaveDTO,623,64,126,0,13,6,94,6,31,6
employee-management,com.emp.management.dto,PerformanceReviewDTO.PerformanceReviewDTOBuilder,117,0,0,0,1,0,15,0,15,0
employee-management,com.emp.management.dto,CertificateDTO.CertificateDTOBuilder,16,56,0,0,0,1,1,9,1,9
employee-management,com.emp.management.dto,LeaveDTO.LeaveDTOBuilder,32,112,0,0,0,1,1,17,1,17
employee-management,com.emp.management.dto,LeaveUploadResult,163,0,20,0,8,0,25,0,15,0
employee-management,com.emp.management.dto,DashboardDTO,316,0,22,0,12,0,34,0,23,0
employee-management,com.emp.management.dto,AnnouncementDTO.AnnouncementDTOBuilder,63,0,0,0,1,0,9,0,9,0
employee-management,com.emp.management.dto,LeaveUploadResult.LeaveUploadResultBuilder,45,0,0,0,1,0,7,0,7,0
employee-management,com.emp.management.dto,CertificateDTO,294,49,62,0,2,9,43,9,12,9
employee-management,com.emp.management.dto,AttendanceSessionDTO.AttendanceSessionDTOBuilder,63,0,0,0,1,0,9,0,9,0
employee-management,com.emp.management.dto,TimesheetDTO.TimesheetDTOBuilder,99,0,0,0,1,0,13,0,13,0
employee-management,com.emp.management.dto,CourseDTO.CourseDTOBuilder,180,0,0,0,1,0,22,0,22,0
employee-management,com.emp.management.dto,ResumeParseResponse,300,0,54,0,10,0,46,0,19,0
employee-management,com.emp.management.dto,LoginResponse.LoginResponseBuilder,21,51,0,0,0,1,2,8,2,8
employee-management,com.emp.management.dto,RegisterRequest,1022,213,246,0,0,31,127,61,4,61
employee-management,com.emp.management.dto,LoginResponse,297,52,62,0,2,9,43,9,12,9
employee-management,com.emp.management.dto,AnnouncementDTO,287,0,50,0,10,0,44,0,19,0
employee-management,com.emp.management.dto,CourseDTO,782,0,132,0,23,0,111,0,45,0
employee-management,com.emp.management.dto,EmployeeDTO.EmployeeDTOBuilder,91,296,0,0,0,1,2,43,2,43
employee-management,com.emp.management.dto,DashboardDTO.DashboardDTOBuilder,81,0,0,0,1,0,11,0,11,0
employee-management,com.emp.management.dto,LoginRequest,98,17,22,0,0,3,15,5,4,5
